"","CT2","CT3","CT4","CT5","CT6","CT7","CT8","CT9","CT10","CT11","CT12","CT13","CT14","CT15","RF2","RF3","RF4","RF5","RF6","RF7","RF8","RF9","RF10","RF11","RF12","RF13","RF14","RF15","seed"
"1",0,0,0.00166666666666671,0.0083333333333333,0.01,0.02,0.0216666666666666,0.0166666666666667,NA,NA,NA,NA,NA,NA,0,0,0.00166666666666671,0.0083333333333333,0.0116666666666667,0.00166666666666671,0.0083333333333333,0.0116666666666667,NA,NA,NA,NA,NA,NA,1
"2",0,0,0,0.0133333333333333,0.0133333333333333,0.00666666666666671,NA,NA,NA,NA,NA,NA,NA,NA,0,0,0,0.00166666666666671,0.005,0.00666666666666671,NA,NA,NA,NA,NA,NA,NA,NA,2
"3",0,0.00166666666666671,0.00166666666666671,0.01,0.005,0.0166666666666667,NA,NA,NA,NA,NA,NA,NA,NA,0,0.00166666666666671,0,0,0.00166666666666671,0.0116666666666667,NA,NA,NA,NA,NA,NA,NA,NA,3
"4",0.005,0.00166666666666671,0,0.0033333333333333,0.00166666666666671,0.01,0.0166666666666667,0.005,0.03,0.0133333333333333,0.0166666666666667,0.0383333333333333,NA,NA,0.005,0.00166666666666671,0,0.00166666666666671,0.00166666666666671,0.00666666666666671,0.0166666666666667,0.005,0.0166666666666667,0.01,0.0083333333333333,0.0216666666666666,NA,NA,4
"5",0.005,0,0.00666666666666671,0.005,0.00666666666666671,0.0216666666666666,0.0166666666666667,0.0133333333333333,NA,0.01,NA,NA,NA,NA,0.0033333333333333,0.00166666666666671,0.005,0.005,0.0083333333333333,0.0133333333333333,0.0133333333333333,0.0083333333333333,NA,0.00666666666666671,NA,NA,NA,NA,5
"6",0,0.0083333333333333,NA,NA,NA,NA,NA,NA,NA,NA,NA,NA,NA,NA,0,0.005,NA,NA,NA,NA,NA,NA,NA,NA,NA,NA,NA,NA,6
"7",0.0033333333333333,0.00166666666666671,0.00166666666666671,0.00166666666666671,0.0083333333333333,0.0083333333333333,0.01,0.015,0.0216666666666666,0.015,NA,NA,0.0216666666666666,NA,0.0033333333333333,0.00166666666666671,0.00166666666666671,0.0033333333333333,0.005,0.01,0.01,0.0116666666666667,0.00666666666666671,0.0083333333333333,NA,NA,0.0133333333333333,NA,7
"8",0.005,0.00166666666666671,0,0.005,0.0166666666666667,0.0133333333333333,0.005,0.0316666666666666,0.015,0.0166666666666667,NA,NA,NA,NA,0.00666666666666671,0.00166666666666671,0.00166666666666671,0,0.0083333333333333,0.0083333333333333,0.005,0.0333333333333333,0.0083333333333333,0.015,NA,NA,NA,NA,8
"9",0,0,0.0033333333333333,0.00166666666666671,0.015,0.0283333333333333,0.0133333333333333,0.0133333333333333,0.0166666666666667,0.0216666666666666,0.045,0.0316666666666666,NA,0.025,0,0,0.0033333333333333,0.00166666666666671,0.005,0.01,0.005,0.01,0.01,0.01,0.02,0.0166666666666667,NA,0.0283333333333333,9
"10",0,0.00166666666666671,0.00166666666666671,0.0033333333333333,0.0033333333333333,0.0033333333333333,0.0183333333333333,0.005,0.0316666666666666,0.0366666666666666,0.0183333333333333,0.0233333333333333,0.0466666666666666,0.03,0,0.00166666666666671,0.00166666666666671,0.005,0.0033333333333333,0.0033333333333333,0.00666666666666671,0.00666666666666671,0.025,0.0183333333333333,0.0116666666666667,0.0233333333333333,0.0316666666666666,0.0216666666666666,10
"11",0,0,0,0.0033333333333333,0.015,0.0133333333333333,0.005,0.0116666666666667,0.015,NA,0.025,NA,0.0216666666666666,0.0233333333333333,0,0,0,0.005,0.00166666666666671,0.0116666666666667,0.00166666666666671,0.0116666666666667,0.00666666666666671,NA,0.01,NA,0.0166666666666667,0.0183333333333333,11
"12",0,0,0,0.0116666666666667,0,0.00166666666666671,0.00166666666666671,0.0233333333333333,0.00666666666666671,0.015,0.0166666666666667,0.02,0.0283333333333333,0.03,0,0,0,0.0116666666666667,0.00166666666666671,0.00166666666666671,0.00166666666666671,0.0083333333333333,0.00666666666666671,0.00666666666666671,0.015,0.01,0.02,0.0183333333333333,12
"13",0,0.0033333333333333,0,0.00166666666666671,0.0083333333333333,0.015,0.00666666666666671,0.015,0.015,0.0166666666666667,NA,NA,NA,0.0283333333333333,0,0.005,0,0.00166666666666671,0,0.0083333333333333,0.0033333333333333,0.0133333333333333,0.0166666666666667,0.0083333333333333,NA,NA,NA,0.0183333333333333,13
"14",0,0,0.0116666666666667,0.0133333333333333,0.00666666666666671,NA,NA,NA,NA,NA,NA,NA,NA,NA,0.00166666666666671,0,0.005,0.01,0.005,NA,NA,NA,NA,NA,NA,NA,NA,NA,14
"15",0.00166666666666671,0.00166666666666671,0.00166666666666671,0.00666666666666671,0.005,0.0083333333333333,0.00166666666666671,NA,NA,0.02,NA,NA,NA,NA,0.00166666666666671,0.0033333333333333,0.00166666666666671,0,0.005,0.0083333333333333,0.00166666666666671,NA,NA,0.0116666666666667,NA,NA,NA,NA,15
"16",0.00166666666666671,0,0.0033333333333333,0,0.00666666666666671,NA,NA,NA,NA,NA,NA,NA,NA,NA,0.00166666666666671,0,0.0033333333333333,0.00166666666666671,0.0033333333333333,NA,NA,NA,NA,NA,NA,NA,NA,NA,16
"17",0.00166666666666671,0.0033333333333333,0.005,NA,0.0083333333333333,NA,NA,0.0083333333333333,NA,0.01,0.01,NA,NA,NA,0.00166666666666671,0.0033333333333333,0,NA,0.01,NA,NA,0.0116666666666667,NA,0.01,0.01,NA,NA,NA,17
"18",0,0.0033333333333333,0,0.01,0.015,0.0116666666666667,0.01,0.00666666666666671,0.0266666666666666,NA,NA,NA,NA,0.0483333333333333,0.00166666666666671,0.0033333333333333,0,0,0.01,0.0116666666666667,0.01,0.0033333333333333,0.0116666666666667,NA,NA,NA,NA,0.0383333333333333,18
"19",0,0.0033333333333333,0.0033333333333333,0.00666666666666671,0.0166666666666667,NA,0.0116666666666667,NA,NA,NA,NA,NA,NA,NA,0,0.0033333333333333,0.005,0.0033333333333333,0.0033333333333333,NA,0.01,NA,NA,NA,NA,NA,NA,NA,19
"20",0,0.00166666666666671,NA,0.0266666666666666,NA,NA,NA,NA,NA,0.015,NA,NA,NA,NA,0,0.00166666666666671,NA,0.0033333333333333,NA,NA,NA,NA,NA,0.015,NA,NA,NA,NA,20
"21",0.00166666666666671,0.0033333333333333,0.0033333333333333,0.00166666666666671,0.0183333333333333,0.0033333333333333,0.00666666666666671,0.0166666666666667,0.01,0.0133333333333333,NA,NA,NA,NA,0.00166666666666671,0.00166666666666671,0.0033333333333333,0.00166666666666671,0.01,0.0033333333333333,0.0083333333333333,0.0116666666666667,0.015,0.0116666666666667,NA,NA,NA,NA,21
"22",0,0,0,0.00166666666666671,0.0033333333333333,0.0116666666666667,0.0233333333333333,0.01,0.015,NA,0.0133333333333333,0.04,NA,0.025,0,0,0,0.00166666666666671,0.005,0.00666666666666671,0.0116666666666667,0.0033333333333333,0.0116666666666667,NA,0.0083333333333333,0.025,NA,0.02,22
"23",0,0,0.00166666666666671,0.02,0.0083333333333333,0.005,0.0133333333333333,0.01,NA,NA,NA,NA,NA,NA,0,0,0.00166666666666671,0.00666666666666671,0.0033333333333333,0.005,0.0083333333333333,0.0083333333333333,NA,NA,NA,NA,NA,NA,23
"24",0,0.00166666666666671,0.00166666666666671,0.00666666666666671,0,0.00666666666666671,0,0.0083333333333333,0.02,0.015,0.0166666666666667,0.025,0.0283333333333333,0.015,0,0.0033333333333333,0.00166666666666671,0.0083333333333333,0,0.0033333333333333,0,0.0083333333333333,0.0083333333333333,0.0083333333333333,0.0083333333333333,0.02,0.0233333333333333,0.0166666666666667,24
"25",0.00166666666666671,0.0033333333333333,0.01,0.00166666666666671,0.0233333333333333,0.015,0.0183333333333333,0.0133333333333333,0.025,0.0116666666666667,0.0266666666666666,0.0183333333333333,0.0233333333333333,0.015,0.00166666666666671,0.0033333333333333,0.01,0.005,0.0166666666666667,0.00666666666666671,0.015,0.01,0.0116666666666667,0.00166666666666671,0.025,0.0183333333333333,0.025,0.0166666666666667,25
"26",0,0.00166666666666671,0.00666666666666671,0.0083333333333333,0.0166666666666667,0.015,0.0366666666666666,0.0183333333333333,0.04,0.0216666666666666,0.0283333333333333,0.0183333333333333,0.0316666666666666,0.0316666666666666,0,0.00166666666666671,0.00666666666666671,0.005,0.005,0.0033333333333333,0.0166666666666667,0.0133333333333333,0.02,0.0166666666666667,0.0166666666666667,0.015,0.0133333333333333,0.02,26
"27",0,0.00166666666666671,0.0033333333333333,NA,0.00166666666666671,NA,NA,NA,NA,NA,NA,NA,NA,NA,0,0.00166666666666671,0,NA,0.00166666666666671,NA,NA,NA,NA,NA,NA,NA,NA,NA,27
"28",0,0.0033333333333333,0.005,0.015,0.00666666666666671,NA,0.01,0.0183333333333333,0.0283333333333333,0.015,0.0116666666666667,NA,0.0216666666666666,0.0183333333333333,0,0.0033333333333333,0.005,0.00666666666666671,0.0033333333333333,NA,0.0116666666666667,0.0083333333333333,0.025,0.0133333333333333,0.00666666666666671,NA,0.015,0.0216666666666666,28
"29",0.005,0.005,0.00166666666666671,0.01,0.00666666666666671,0.025,0.01,0.025,0.01,NA,NA,0.0266666666666666,NA,NA,0.005,0.00166666666666671,0.00166666666666671,0.01,0.00666666666666671,0.0216666666666666,0.00666666666666671,0.0133333333333333,0.00666666666666671,NA,NA,0.0116666666666667,NA,NA,29
"30",0,0.00166666666666671,0.0083333333333333,0,0.00666666666666671,0.0166666666666667,0.0116666666666667,0.0083333333333333,0.0083333333333333,0.0133333333333333,0.035,0.015,0.0266666666666666,NA,0,0.00166666666666671,0.0083333333333333,0,0.00666666666666671,0.0133333333333333,0.00666666666666671,0.00666666666666671,0.0033333333333333,0.00666666666666671,0.0233333333333333,0.005,0.0233333333333333,NA,30
"31",0,0,0.00166666666666671,0.0033333333333333,0.0083333333333333,0.0166666666666667,0.015,NA,NA,NA,NA,NA,NA,NA,0,0,0.00166666666666671,0.0033333333333333,0.00666666666666671,0.00666666666666671,0.005,NA,NA,NA,NA,NA,NA,NA,31
"32",0,0.00666666666666671,0.00166666666666671,0,0,0.00666666666666671,0.005,0.0133333333333333,0.0083333333333333,0.0183333333333333,0.0116666666666667,0.0133333333333333,0.0183333333333333,0.05,0,0.00666666666666671,0.00166666666666671,0,0,0.0033333333333333,0.0033333333333333,0.0116666666666667,0.00166666666666671,0.0166666666666667,0.0083333333333333,0.015,0.0316666666666666,0.04,32
"33",0,0,0.0033333333333333,0.00166666666666671,0.005,0.0216666666666666,0.0133333333333333,0.02,NA,NA,NA,NA,NA,NA,0,0,0.00166666666666671,0,0.00666666666666671,0.0033333333333333,0.0133333333333333,0.00666666666666671,NA,NA,NA,NA,NA,NA,33
"34",0,0.0033333333333333,0,0.0033333333333333,0.005,0.00666666666666671,0.0033333333333333,0.0133333333333333,0.0116666666666667,0.0166666666666667,NA,NA,0.0216666666666666,0.0166666666666667,0,0.0033333333333333,0,0.0033333333333333,0.005,0.00666666666666671,0.00166666666666671,0.01,0.0116666666666667,0.0133333333333333,NA,NA,0.0133333333333333,0.01,34
"35",0,0,0.005,0.0083333333333333,0.00666666666666671,0.0083333333333333,NA,NA,NA,NA,NA,NA,NA,NA,0,0,0.005,0.0033333333333333,0.0033333333333333,0.01,NA,NA,NA,NA,NA,NA,NA,NA,35
"36",0.0083333333333333,0.00166666666666671,0.005,0.0033333333333333,0.0133333333333333,0.015,0.0166666666666667,0.0133333333333333,0.0166666666666667,NA,NA,NA,NA,NA,0.0083333333333333,0.00166666666666671,0.0033333333333333,0.0033333333333333,0.0133333333333333,0.0083333333333333,0.0083333333333333,0.0116666666666667,0.0116666666666667,NA,NA,NA,NA,NA,36
"37",0,0.0033333333333333,0.00166666666666671,0.00666666666666671,0.0033333333333333,0.0166666666666667,0.0166666666666667,0.0133333333333333,0.01,NA,0.025,NA,0.0233333333333333,NA,0,0.0033333333333333,0.00166666666666671,0.0083333333333333,0.00166666666666671,0.005,0.00166666666666671,0.00666666666666671,0.00666666666666671,NA,0.02,NA,0.0216666666666666,NA,37
"38",0,0.0083333333333333,0,0.0083333333333333,0.0033333333333333,0.0083333333333333,0.0183333333333333,0.025,0.0183333333333333,0.025,NA,NA,0.0333333333333333,NA,0,0.0133333333333333,0,0.01,0.0033333333333333,0.0083333333333333,0.0183333333333333,0.0183333333333333,0.01,0.0166666666666667,NA,NA,0.0283333333333333,NA,38
"39",0.0033333333333333,0,0,0.025,0.0116666666666667,0.0183333333333333,0.0166666666666667,0.00666666666666671,NA,NA,0.0133333333333333,NA,NA,NA,0.0033333333333333,0,0,0.0116666666666667,0.0033333333333333,0.0083333333333333,0.0083333333333333,0.00166666666666671,NA,NA,0.01,NA,NA,NA,39
"40",0.005,0,0,0.0166666666666667,0.0116666666666667,0.01,0.0133333333333333,0.0366666666666666,NA,0.0166666666666667,NA,NA,NA,NA,0.005,0,0,0.005,0.01,0.00666666666666671,0.015,0.03,NA,0.0133333333333333,NA,NA,NA,NA,40
"41",0,0,0,0.0083333333333333,0.0033333333333333,0.01,0.02,0.0116666666666667,0.0166666666666667,0.015,0.015,0.02,0.0366666666666666,NA,0,0,0,0.0083333333333333,0.0033333333333333,0.0033333333333333,0.01,0.005,0.0116666666666667,0.01,0.0133333333333333,0.0183333333333333,0.0183333333333333,NA,41
"42",0.00166666666666671,0,0.00166666666666671,0.0033333333333333,0.0083333333333333,0.005,0.01,0.0233333333333333,0.0116666666666667,0.005,0.0183333333333333,0.0283333333333333,0.0283333333333333,0.0383333333333333,0.00166666666666671,0,0.00166666666666671,0.0033333333333333,0.0083333333333333,0.005,0.01,0.0083333333333333,0.005,0.005,0.0183333333333333,0.015,0.0233333333333333,0.0333333333333333,42
"43",0,0.00166666666666671,0,0.0033333333333333,0.00166666666666671,0.0033333333333333,0.00666666666666671,0.015,0.015,0.0083333333333333,0.0183333333333333,0.0366666666666666,0.0333333333333333,0.0266666666666666,0,0.00166666666666671,0.00166666666666671,0.0033333333333333,0,0.005,0.0033333333333333,0.005,0.015,0.00666666666666671,0.005,0.015,0.0183333333333333,0.02,43
"44",0,0.00166666666666671,0.0033333333333333,0.0183333333333333,NA,0.0116666666666667,0.0166666666666667,0.0216666666666666,NA,NA,NA,NA,NA,NA,0,0.00166666666666671,0.0033333333333333,0.015,NA,0.0083333333333333,0.0116666666666667,0.0166666666666667,NA,NA,NA,NA,NA,NA,44
"45",0.00166666666666671,0.005,0.00166666666666671,0.00166666666666671,0.0133333333333333,0.0116666666666667,0.01,0.0083333333333333,0.02,0.02,0.0233333333333333,0.0333333333333333,0.0183333333333333,0.0283333333333333,0.00166666666666671,0.005,0.00166666666666671,0,0.00666666666666671,0.00666666666666671,0.0033333333333333,0.01,0.005,0.01,0.00666666666666671,0.0316666666666666,0.0133333333333333,0.0166666666666667,45
"46",0,0,0.005,0.00166666666666671,0.005,NA,0.01,NA,0.01,NA,NA,NA,NA,NA,0.005,0,0.005,0.0033333333333333,0,NA,0.0083333333333333,NA,0.0133333333333333,NA,NA,NA,NA,NA,46
"47",0,0.0033333333333333,0,0.00166666666666671,0,0.005,0.0033333333333333,0.00666666666666671,0.0033333333333333,0.0133333333333333,0.0233333333333333,NA,NA,NA,0,0.00166666666666671,0,0.00166666666666671,0,0.005,0.00166666666666671,0.00666666666666671,0.005,0.0116666666666667,0.025,NA,NA,NA,47
"48",0.00166666666666671,0,0.0033333333333333,0.00166666666666671,0.0033333333333333,0.015,0.0216666666666666,0.0116666666666667,0.03,0.0166666666666667,0.0333333333333333,0.0266666666666666,0.025,0.03,0.00166666666666671,0,0.005,0.00166666666666671,0.00166666666666671,0.01,0.01,0.0033333333333333,0.0166666666666667,0.01,0.0133333333333333,0.01,0.01,0.025,48
"49",0,0,0.00166666666666671,0,0.0266666666666666,NA,NA,0.0166666666666667,0.0116666666666667,0.015,0.025,0.02,0.0216666666666666,NA,0,0,0.00166666666666671,0,0.00666666666666671,NA,NA,0.0133333333333333,0.005,0.015,0.0116666666666667,0.0183333333333333,0.0083333333333333,NA,49
"50",0,0.00166666666666671,0.00166666666666671,0.0033333333333333,0.005,0.01,0.0033333333333333,0.0116666666666667,0.0033333333333333,0.015,0.02,NA,NA,NA,0,0.00166666666666671,0.00166666666666671,0.0033333333333333,0.0033333333333333,0.01,0.005,0.0133333333333333,0.005,0.0116666666666667,0.0116666666666667,NA,NA,NA,50
"51",0,0,0,0.0233333333333333,0.005,NA,0.00666666666666671,0.005,0.0033333333333333,0.0183333333333333,NA,NA,0.0116666666666667,0.0266666666666666,0,0,0,0.0033333333333333,0,NA,0.0083333333333333,0.01,0.005,0.01,NA,NA,0.0083333333333333,0.01,51
"52",0,0,0.0033333333333333,0,0.00666666666666671,0.0133333333333333,0.015,0.0133333333333333,0.0183333333333333,NA,NA,0.035,0.0083333333333333,NA,0,0,0.00166666666666671,0.00166666666666671,0.00666666666666671,0.0133333333333333,0.005,0.01,0.0166666666666667,NA,NA,0.03,0.00666666666666671,NA,52
"53",0.00166666666666671,0.0033333333333333,0.0033333333333333,0,0.005,NA,0.00666666666666671,NA,NA,NA,NA,NA,NA,NA,0.00166666666666671,0.0033333333333333,0.00166666666666671,0,0,NA,0.00666666666666671,NA,NA,NA,NA,NA,NA,NA,53
"54",0,0,0.00166666666666671,0,0.0083333333333333,0.025,0.0083333333333333,0.0133333333333333,0.0133333333333333,0.0166666666666667,0.0283333333333333,NA,NA,NA,0,0,0.00166666666666671,0,0.0083333333333333,0.0133333333333333,0.0033333333333333,0.0133333333333333,0.0116666666666667,0.02,0.03,NA,NA,NA,54
"55",0,0.0033333333333333,0,0,0.005,0.01,0.005,0.0133333333333333,0.0133333333333333,0.03,0.0183333333333333,0.0216666666666666,0.0283333333333333,0.045,0,0.00166666666666671,0,0,0.00666666666666671,0.0133333333333333,0.0033333333333333,0.0116666666666667,0.0133333333333333,0.0233333333333333,0.0166666666666667,0.0216666666666666,0.0283333333333333,0.0233333333333333,55
"56",0,0,0.0033333333333333,0.0033333333333333,0.0116666666666667,0.0133333333333333,0.00166666666666671,0.00666666666666671,NA,0.0133333333333333,NA,NA,0.0266666666666666,NA,0,0,0.0033333333333333,0.00166666666666671,0.00166666666666671,0.0033333333333333,0.00166666666666671,0.00666666666666671,NA,0.01,NA,NA,0.015,NA,56
"57",0.0033333333333333,0.00166666666666671,0.0083333333333333,NA,NA,NA,NA,NA,NA,NA,NA,NA,NA,NA,0.0033333333333333,0.00166666666666671,0.00666666666666671,NA,NA,NA,NA,NA,NA,NA,NA,NA,NA,NA,57
"58",0.00166666666666671,0.00166666666666671,0.005,0.0033333333333333,0.00666666666666671,0.0033333333333333,0.0116666666666667,0.0133333333333333,0.0166666666666667,NA,NA,NA,NA,NA,0.00166666666666671,0,0.005,0.0033333333333333,0.0033333333333333,0.0033333333333333,0.005,0.0033333333333333,0.0116666666666667,NA,NA,NA,NA,NA,58
"59",0,0.01,NA,NA,NA,NA,NA,NA,NA,NA,NA,NA,NA,NA,0.00166666666666671,0.005,NA,NA,NA,NA,NA,NA,NA,NA,NA,NA,NA,NA,59
"60",0,0,0.0033333333333333,0.00166666666666671,0.0033333333333333,0.00166666666666671,0.025,0.0183333333333333,0.015,0.015,0.0216666666666666,0.0166666666666667,0.02,NA,0,0,0.0033333333333333,0.00166666666666671,0.0033333333333333,0,0.0083333333333333,0.0083333333333333,0.0083333333333333,0.015,0.0166666666666667,0.00666666666666671,0.0166666666666667,NA,60
"61",0,0.00166666666666671,0.00666666666666671,0.00666666666666671,0.00666666666666671,0.0116666666666667,0.005,0.0133333333333333,0.0133333333333333,0.03,NA,NA,NA,NA,0,0.00166666666666671,0.00666666666666671,0.005,0.00666666666666671,0.0083333333333333,0.005,0.0133333333333333,0.0116666666666667,0.0133333333333333,NA,NA,NA,NA,61
"62",0,0,0.005,NA,NA,NA,NA,NA,NA,NA,NA,NA,NA,NA,0,0,0.00166666666666671,NA,NA,NA,NA,NA,NA,NA,NA,NA,NA,NA,62
"63",0,0,0.0033333333333333,0.00666666666666671,0.0033333333333333,NA,NA,NA,NA,NA,NA,NA,NA,NA,0,0,0.00666666666666671,0.00666666666666671,0.0033333333333333,NA,NA,NA,NA,NA,NA,NA,NA,NA,63
"64",0,0.00166666666666671,0,0.00166666666666671,0.0033333333333333,NA,NA,NA,NA,NA,NA,NA,NA,NA,0,0.0033333333333333,0,0.00166666666666671,0.0033333333333333,NA,NA,NA,NA,NA,NA,NA,NA,NA,64
"65",0,0,0.0033333333333333,0.0033333333333333,0.00666666666666671,0.0266666666666666,0.0233333333333333,0.0216666666666666,0.0433333333333333,0.015,0.0166666666666667,0.0216666666666666,0.035,0.02,0,0,0.0033333333333333,0.005,0.00666666666666671,0.00166666666666671,0.00666666666666671,0.0133333333333333,0.0233333333333333,0.01,0.0133333333333333,0.0183333333333333,0.0133333333333333,0.0216666666666666,65
"66",0,0.00166666666666671,0,0.01,0.005,0.02,0.005,NA,0.015,NA,NA,NA,NA,NA,0,0.00166666666666671,0,0.0033333333333333,0.0033333333333333,0.02,0.005,NA,0.005,NA,NA,NA,NA,NA,66
"67",0,0.0033333333333333,0,0.0116666666666667,0.0083333333333333,0.0083333333333333,NA,0.005,0.0133333333333333,0.0216666666666666,0.0166666666666667,0.015,NA,0.025,0,0.0033333333333333,0,0,0.0033333333333333,0.00666666666666671,NA,0.005,0.0116666666666667,0.0166666666666667,0.0133333333333333,0.0166666666666667,NA,0.0233333333333333,67
"68",0,0,0.0033333333333333,0,0.00166666666666671,0.015,0.0216666666666666,0.0133333333333333,NA,0.0116666666666667,NA,0.0216666666666666,0.015,NA,0,0,0.0033333333333333,0,0.005,0.00166666666666671,0.01,0.00666666666666671,NA,0.0133333333333333,NA,0.0216666666666666,0.0166666666666667,NA,68
"69",0,0.0033333333333333,0.00166666666666671,0.00166666666666671,0.0116666666666667,0.0133333333333333,0.015,NA,NA,0.0116666666666667,0.03,NA,0.0166666666666667,NA,0,0.0033333333333333,0,0.00166666666666671,0,0.0083333333333333,0.0133333333333333,NA,NA,0.01,0.025,NA,0.0166666666666667,NA,69
"70",0,0.0033333333333333,0.00166666666666671,0.00166666666666671,0.0133333333333333,0.01,0.0033333333333333,0.005,NA,NA,0.045,NA,NA,NA,0,0.0033333333333333,0,0.00166666666666671,0.00166666666666671,0.005,0.00666666666666671,0.005,NA,NA,0.0166666666666667,NA,NA,NA,70
"71",0.0033333333333333,0,0,0.005,0.0083333333333333,0.0133333333333333,0.0216666666666666,0.01,0.0416666666666666,NA,NA,NA,NA,NA,0.0033333333333333,0,0.00166666666666671,0.005,0.0133333333333333,0.0116666666666667,0.0133333333333333,0.0083333333333333,0.0166666666666667,NA,NA,NA,NA,NA,71
"72",0.00166666666666671,0.00166666666666671,0.0033333333333333,0,0.01,0.0033333333333333,0.005,0.015,NA,NA,NA,NA,NA,NA,0.00166666666666671,0.00166666666666671,0.0033333333333333,0,0.00666666666666671,0.0033333333333333,0.00666666666666671,0.0133333333333333,NA,NA,NA,NA,NA,NA,72
"73",0,0.0033333333333333,0.0083333333333333,0.0083333333333333,0.0166666666666667,0.00166666666666671,0.0216666666666666,0.0233333333333333,0.0216666666666666,0.015,NA,NA,0.015,NA,0,0.005,0.0083333333333333,0.0083333333333333,0.01,0.00166666666666671,0.00666666666666671,0.0216666666666666,0.0216666666666666,0.02,NA,NA,0.015,NA,73
"74",0,0.00166666666666671,0.0033333333333333,0,0.0033333333333333,0.005,0.00666666666666671,0.035,NA,0.0283333333333333,NA,0.0216666666666666,0.03,0.0233333333333333,0,0.00166666666666671,0.0033333333333333,0,0.0033333333333333,0.0033333333333333,0.005,0.02,NA,0.0166666666666667,NA,0.0133333333333333,0.0283333333333333,0.0316666666666666,74
"75",0.0033333333333333,0.00166666666666671,0.0033333333333333,0.0083333333333333,0.0083333333333333,0.00166666666666671,NA,NA,NA,NA,NA,NA,NA,NA,0.0033333333333333,0.00166666666666671,0.0033333333333333,0.0033333333333333,0.00666666666666671,0.0033333333333333,NA,NA,NA,NA,NA,NA,NA,NA,75
"76",0,0.0033333333333333,0,0.0033333333333333,0.0083333333333333,0.0133333333333333,0.015,0.0183333333333333,0.0133333333333333,NA,NA,NA,0.0266666666666666,NA,0,0.0033333333333333,0,0.0033333333333333,0.00166666666666671,0.0133333333333333,0.01,0.0116666666666667,0.00666666666666671,NA,NA,NA,0.0216666666666666,NA,76
"77",0,0.0116666666666667,NA,NA,NA,NA,NA,NA,NA,NA,NA,NA,NA,NA,0,0,NA,NA,NA,NA,NA,NA,NA,NA,NA,NA,NA,NA,77
"78",0.00166666666666671,0.0033333333333333,0.00166666666666671,0,0.005,0.0116666666666667,0.00666666666666671,0.0083333333333333,0.0283333333333333,0.0166666666666667,0.015,NA,0.0216666666666666,0.0266666666666666,0.00166666666666671,0.005,0.0033333333333333,0.00166666666666671,0.005,0.005,0.0116666666666667,0.01,0.0116666666666667,0.0116666666666667,0.0083333333333333,NA,0.02,0.0133333333333333,78
"79",0,0,0.0033333333333333,0.00166666666666671,0,0.0283333333333333,NA,NA,0.0366666666666666,0.0166666666666667,0.0083333333333333,0.035,0.0166666666666667,0.02,0,0,0.0033333333333333,0.00166666666666671,0,0.0116666666666667,NA,NA,0.0266666666666666,0.015,0.0033333333333333,0.0183333333333333,0.0183333333333333,0.0116666666666667,79
"80",0.00166666666666671,0,0.00166666666666671,NA,NA,NA,NA,NA,NA,NA,NA,NA,NA,NA,0.00166666666666671,0,0.00166666666666671,NA,NA,NA,NA,NA,NA,NA,NA,NA,NA,NA,80
"81",0,0,0.005,0,0.005,0.01,0.00666666666666671,0.015,0.0166666666666667,0.02,0.025,0.0266666666666666,NA,0.0266666666666666,0.00166666666666671,0,0.005,0,0.00666666666666671,0,0.0033333333333333,0.01,0.0166666666666667,0.0116666666666667,0.02,0.0283333333333333,NA,0.02,81
"82",0,0,0.00166666666666671,0.005,0.005,0.0033333333333333,0.00666666666666671,NA,0.01,0.0116666666666667,NA,0.0283333333333333,0.045,0.0166666666666667,0,0,0.0033333333333333,0.0083333333333333,0.0033333333333333,0.0033333333333333,0.005,NA,0.0116666666666667,0.0133333333333333,NA,0.0133333333333333,0.0083333333333333,0.0083333333333333,82
"83",0.00166666666666671,0,0.00166666666666671,0.00666666666666671,0.00166666666666671,0.0283333333333333,0.01,0.0216666666666666,0.01,0.0133333333333333,NA,NA,NA,NA,0.00166666666666671,0,0.00166666666666671,0.00666666666666671,0.00166666666666671,0.0166666666666667,0.00666666666666671,0.0116666666666667,0.0083333333333333,0.01,NA,NA,NA,NA,83
"84",0,0.00166666666666671,0.005,0,0.0033333333333333,0.005,0.0266666666666666,0.0216666666666666,0.0183333333333333,0.045,0.0166666666666667,0.0333333333333333,0.0216666666666666,0.0383333333333333,0,0.00166666666666671,0.005,0,0.0033333333333333,0.00666666666666671,0.0083333333333333,0.0133333333333333,0.00166666666666671,0.0266666666666666,0.01,0.025,0.0183333333333333,0.015,84
"85",0,0,0,0.0166666666666667,0.0133333333333333,NA,0.00666666666666671,NA,0.0133333333333333,NA,NA,NA,NA,0.0333333333333333,0,0,0,0.00166666666666671,0.0083333333333333,NA,0.0033333333333333,NA,0.00666666666666671,NA,NA,NA,NA,0.0133333333333333,85
"86",0,0.0033333333333333,0,0.00166666666666671,0.0166666666666667,0.0033333333333333,0.00666666666666671,0.00666666666666671,0.0083333333333333,0.0083333333333333,0.02,0.025,0.0183333333333333,0.0233333333333333,0,0.0033333333333333,0,0.0033333333333333,0.0166666666666667,0.0033333333333333,0.00666666666666671,0.005,0.0033333333333333,0.00666666666666671,0.01,0.0183333333333333,0.0083333333333333,0.0183333333333333,86
"87",0,0,0.0033333333333333,0,0.0133333333333333,0.0083333333333333,0.005,0.01,NA,0.0166666666666667,0.025,NA,NA,NA,0,0,0.0033333333333333,0,0.005,0.0033333333333333,0.00166666666666671,0.0083333333333333,NA,0.01,0.0183333333333333,NA,NA,NA,87
"88",0.0033333333333333,0,0.0033333333333333,NA,0.00666666666666671,0.025,0.0083333333333333,NA,0.015,NA,NA,NA,NA,NA,0.00166666666666671,0,0.0033333333333333,NA,0.0033333333333333,0.0216666666666666,0.00666666666666671,NA,0.00666666666666671,NA,NA,NA,NA,NA,88
"89",0,0,0.01,0.005,0.0033333333333333,0.0033333333333333,0.0216666666666666,0.01,0.0133333333333333,0.0083333333333333,0.02,0.0216666666666666,0.0233333333333333,0.03,0,0,0.01,0.00666666666666671,0.005,0.005,0.0116666666666667,0.005,0.01,0.00666666666666671,0.0116666666666667,0.0116666666666667,0.01,0.0183333333333333,89
"90",0.00666666666666671,0.005,0.0033333333333333,0.0216666666666666,0.015,0.015,0,0.02,0.0283333333333333,0.015,0.0183333333333333,0.0166666666666667,0.0216666666666666,NA,0.00666666666666671,0.005,0.0033333333333333,0.0116666666666667,0.0133333333333333,0.0083333333333333,0.00166666666666671,0.0183333333333333,0.0183333333333333,0.01,0.0166666666666667,0.0083333333333333,0.0133333333333333,NA,90
"91",0,0.0033333333333333,0.00166666666666671,0.0116666666666667,0.0133333333333333,0.0183333333333333,0.0116666666666667,NA,NA,NA,NA,NA,NA,NA,0,0.0033333333333333,0.0033333333333333,0.005,0.0133333333333333,0.00666666666666671,0.0116666666666667,NA,NA,NA,NA,NA,NA,NA,91
"92",0,0.00166666666666671,0,0.00166666666666671,0,0.0166666666666667,0.0133333333333333,0.0283333333333333,0.04,0.0083333333333333,0.01,NA,NA,NA,0,0.00166666666666671,0,0.00166666666666671,0,0.00666666666666671,0.005,0.0116666666666667,0.0133333333333333,0.0116666666666667,0.02,NA,NA,NA,92
"93",0.0083333333333333,0.00166666666666671,0.00166666666666671,0.005,0.02,0.015,0.015,0.0133333333333333,0.0116666666666667,0.0216666666666666,0.015,0.0233333333333333,NA,NA,0.01,0.00166666666666671,0.00166666666666671,0.005,0.0116666666666667,0.0116666666666667,0.0033333333333333,0.0033333333333333,0.015,0.0166666666666667,0.0116666666666667,0.0233333333333333,NA,NA,93
"94",0.00166666666666671,0.00166666666666671,0,0.01,0.0033333333333333,NA,0.01,0.01,0.005,0.0183333333333333,NA,0.0283333333333333,0.0116666666666667,NA,0.00166666666666671,0.00166666666666671,0,0.0033333333333333,0.0033333333333333,NA,0.0083333333333333,0.0083333333333333,0.00666666666666671,0.0133333333333333,NA,0.0266666666666666,0.0116666666666667,NA,94
"95",0.0033333333333333,0.00166666666666671,0.005,0.00166666666666671,0.0133333333333333,0.01,0.0033333333333333,0.0283333333333333,NA,NA,NA,NA,NA,NA,0.0033333333333333,0.00166666666666671,0.005,0,0.0033333333333333,0.005,0.0033333333333333,0.025,NA,NA,NA,NA,NA,NA,95
"96",0.00166666666666671,0,0.0083333333333333,0.00166666666666671,0.00666666666666671,0.0033333333333333,0.0083333333333333,0.0166666666666667,0.0133333333333333,0.005,0.015,NA,NA,NA,0.00166666666666671,0,0.0083333333333333,0.00166666666666671,0.0133333333333333,0.005,0.01,0.0116666666666667,0.01,0.005,0.0183333333333333,NA,NA,NA,96
"97",0.005,0,0.00166666666666671,0.0083333333333333,0.0166666666666667,0.0116666666666667,0.0233333333333333,0.0116666666666667,0.0183333333333333,NA,0.0183333333333333,NA,0.035,NA,0.005,0,0.00166666666666671,0.0083333333333333,0.0116666666666667,0.00666666666666671,0.015,0.0116666666666667,0.01,NA,0.005,NA,0.0216666666666666,NA,97
"98",0,0,0.005,0.0133333333333333,0.005,0.0166666666666667,0.01,0.0133333333333333,0.0116666666666667,0.02,0.0183333333333333,0.0333333333333333,NA,NA,0.00166666666666671,0,0.005,0.015,0.005,0.005,0.0116666666666667,0.0033333333333333,0.0083333333333333,0.02,0.0166666666666667,0.0266666666666666,NA,NA,98
"99",0,0.0033333333333333,0,0.00166666666666671,0.0133333333333333,0.005,0.0083333333333333,NA,0.0233333333333333,0.025,NA,NA,0.0166666666666667,NA,0.00166666666666671,0.0033333333333333,0,0.00166666666666671,0.0133333333333333,0.00166666666666671,0.0133333333333333,NA,0.0116666666666667,0.0083333333333333,NA,NA,0.0183333333333333,NA,99
"100",0,0.00166666666666671,0,0.0033333333333333,0.0166666666666667,0.015,0.01,0.0133333333333333,0.015,NA,NA,NA,NA,0.0083333333333333,0,0.00166666666666671,0.00166666666666671,0.00166666666666671,0.00666666666666671,0.005,0.01,0.0116666666666667,0.0166666666666667,NA,NA,NA,NA,0.0133333333333333,100
"101",0,0.005,0.005,0.00166666666666671,0.0133333333333333,NA,NA,NA,0.0333333333333333,NA,NA,NA,NA,NA,0,0.0033333333333333,0.005,0.00166666666666671,0.0116666666666667,NA,NA,NA,0.0133333333333333,NA,NA,NA,NA,NA,101
"102",0.00166666666666671,0.00166666666666671,0.0033333333333333,0.00666666666666671,0.0133333333333333,0.005,NA,0.0083333333333333,NA,NA,NA,NA,NA,NA,0.00166666666666671,0.00166666666666671,0.0033333333333333,0.00666666666666671,0.0083333333333333,0.00166666666666671,NA,0.0083333333333333,NA,NA,NA,NA,NA,NA,102
"103",0.0033333333333333,0,0.00166666666666671,0.0033333333333333,0.02,0.01,0.0083333333333333,NA,NA,NA,NA,NA,NA,NA,0.0033333333333333,0.00166666666666671,0.00166666666666671,0.0033333333333333,0.02,0.0083333333333333,0.0083333333333333,NA,NA,NA,NA,NA,NA,NA,103
"104",0.005,0.00166666666666671,0.00166666666666671,0.0266666666666666,0.01,0.0233333333333333,0.0266666666666666,0.01,0.0166666666666667,0.01,NA,NA,NA,NA,0.005,0.00166666666666671,0.0033333333333333,0.015,0.005,0.0116666666666667,0.015,0.0083333333333333,0.01,0.00666666666666671,NA,NA,NA,NA,104
"105",0.00166666666666671,0,0.00166666666666671,0.005,0.0083333333333333,0.0083333333333333,0.0083333333333333,0.0216666666666666,NA,0.025,NA,NA,NA,NA,0.00166666666666671,0,0.00166666666666671,0.0033333333333333,0.0083333333333333,0.0033333333333333,0.005,0.01,NA,0.0166666666666667,NA,NA,NA,NA,105
"106",0.0033333333333333,0,0.0033333333333333,0.0033333333333333,0.00666666666666671,0.0183333333333333,0.015,0.0083333333333333,0.02,0.0166666666666667,0.0183333333333333,NA,0.0366666666666666,NA,0.0033333333333333,0,0.0033333333333333,0.00166666666666671,0.0033333333333333,0.0116666666666667,0.01,0.00666666666666671,0.0133333333333333,0.0133333333333333,0.0166666666666667,NA,0.0283333333333333,NA,106
"107",0,0.005,0,0.005,0.00166666666666671,0.01,0.0183333333333333,0.03,0.005,0.0083333333333333,0.0183333333333333,0.0233333333333333,0.0316666666666666,0.0233333333333333,0,0.005,0,0.005,0.00166666666666671,0.00666666666666671,0.015,0.02,0,0.0116666666666667,0.0133333333333333,0.0216666666666666,0.0233333333333333,0.02,107
"108",0,0.00166666666666671,0.0033333333333333,0.0133333333333333,0.00166666666666671,0.01,0.02,0.0083333333333333,0.0183333333333333,0.0383333333333333,0.0183333333333333,0.03,0.025,0.0166666666666667,0,0.00166666666666671,0.0033333333333333,0.0133333333333333,0.00166666666666671,0.005,0.0183333333333333,0.00666666666666671,0.015,0.0166666666666667,0.015,0.0233333333333333,0.0183333333333333,0.0133333333333333,108
"109",0.0033333333333333,0.00666666666666671,0.00166666666666671,0.0033333333333333,0.0033333333333333,NA,NA,NA,NA,NA,NA,NA,NA,NA,0.0033333333333333,0.00666666666666671,0.00166666666666671,0.0033333333333333,0.005,NA,NA,NA,NA,NA,NA,NA,NA,NA,109
"110",0,0,0.0033333333333333,0.005,0.0033333333333333,0.00166666666666671,0.0033333333333333,0.0083333333333333,0.02,0.01,NA,0.0233333333333333,NA,NA,0,0,0.0033333333333333,0.00166666666666671,0,0.00166666666666671,0.0033333333333333,0.0083333333333333,0.0033333333333333,0.0083333333333333,NA,0.0083333333333333,NA,NA,110
"111",0,0.005,0.005,0.005,0.0083333333333333,NA,NA,NA,NA,NA,NA,NA,NA,NA,0,0.005,0.0033333333333333,0.00166666666666671,0.005,NA,NA,NA,NA,NA,NA,NA,NA,NA,111
"112",0,0.00166666666666671,0.00166666666666671,0,0.005,0.005,0.00166666666666671,0.0166666666666667,0.02,0.0033333333333333,NA,0.0283333333333333,0.0316666666666666,0.0266666666666666,0,0.00166666666666671,0.00166666666666671,0,0.005,0.005,0,0.0133333333333333,0.01,0.0033333333333333,NA,0.0266666666666666,0.025,0.0233333333333333,112
"113",0.00166666666666671,0,0.00166666666666671,0.005,0.005,NA,0.0083333333333333,0.0216666666666666,NA,NA,0.0216666666666666,NA,NA,0.0183333333333333,0.00166666666666671,0,0.00166666666666671,0.00166666666666671,0,NA,0.0083333333333333,0.0033333333333333,NA,NA,0.015,NA,NA,0.02,113
"114",0,0.005,0.00166666666666671,0.00166666666666671,0.00166666666666671,0.0116666666666667,0.015,0.0116666666666667,NA,NA,NA,0.025,0.0266666666666666,NA,0,0.005,0.0033333333333333,0.00166666666666671,0.00166666666666671,0,0.0083333333333333,0.0083333333333333,NA,NA,NA,0.0116666666666667,0.0183333333333333,NA,114
"115",0,0.00166666666666671,0.00166666666666671,0.005,0.0033333333333333,0.0133333333333333,0.0133333333333333,0.0183333333333333,0.0166666666666667,0.0133333333333333,0.0233333333333333,NA,0.0116666666666667,NA,0,0.00166666666666671,0.00166666666666671,0.00166666666666671,0.0033333333333333,0.005,0.0083333333333333,0.005,0.00666666666666671,0.0116666666666667,0.02,NA,0.005,NA,115
"116",0,0.00166666666666671,0.00166666666666671,0.00166666666666671,0.0133333333333333,NA,0.0033333333333333,NA,0.0283333333333333,NA,0.02,0.0233333333333333,NA,NA,0,0.00166666666666671,0.00166666666666671,0.00166666666666671,0.0133333333333333,NA,0,NA,0.0133333333333333,NA,0.0166666666666667,0.0166666666666667,NA,NA,116
"117",0,0,0.00166666666666671,0.0133333333333333,0.015,0.00666666666666671,0.00666666666666671,0.00666666666666671,0.01,NA,NA,NA,NA,NA,0,0,0.00166666666666671,0.005,0.0083333333333333,0,0.005,0.005,0.0083333333333333,NA,NA,NA,NA,NA,117
"118",0.00166666666666671,0,0.0033333333333333,0.0033333333333333,0.00666666666666671,0.005,NA,NA,NA,NA,NA,NA,NA,NA,0.00166666666666671,0,0.00166666666666671,0,0.0033333333333333,0.0033333333333333,NA,NA,NA,NA,NA,NA,NA,NA,118
"119",0.00166666666666671,0,0.00166666666666671,0.00666666666666671,0.00666666666666671,0.01,0.015,NA,NA,NA,NA,NA,NA,NA,0.00166666666666671,0,0.00166666666666671,0.00166666666666671,0.00666666666666671,0.01,0.01,NA,NA,NA,NA,NA,NA,NA,119
"120",0.00166666666666671,0.00166666666666671,0.00166666666666671,0.0033333333333333,0.005,0.03,0.0283333333333333,0.0116666666666667,0.0166666666666667,0.015,0.01,0.0283333333333333,0.0166666666666667,NA,0,0.00166666666666671,0.00166666666666671,0.0033333333333333,0.015,0.0033333333333333,0.0033333333333333,0.00666666666666671,0.0133333333333333,0.015,0.0083333333333333,0.0216666666666666,0.0133333333333333,NA,120
"121",0.00166666666666671,0,0.0033333333333333,NA,NA,NA,NA,NA,NA,NA,NA,NA,NA,NA,0.00166666666666671,0,0.00166666666666671,NA,NA,NA,NA,NA,NA,NA,NA,NA,NA,NA,121
"122",0,0.0033333333333333,0.00166666666666671,0.00166666666666671,0.0116666666666667,0.0166666666666667,0.0233333333333333,0.01,0.015,0.0216666666666666,0.0316666666666666,NA,NA,NA,0,0.0033333333333333,0.005,0.0033333333333333,0.00666666666666671,0.015,0.02,0.0083333333333333,0.0183333333333333,0.0133333333333333,0.0183333333333333,NA,NA,NA,122
"123",0.00166666666666671,0,0.005,0.0033333333333333,0.0133333333333333,0.0283333333333333,0.005,0.0166666666666667,0.00666666666666671,0.025,0.0183333333333333,0.0166666666666667,0.02,0.0333333333333333,0.00166666666666671,0,0.005,0.0033333333333333,0.0166666666666667,0.025,0.01,0.0166666666666667,0.0033333333333333,0.0166666666666667,0.00666666666666671,0.015,0.015,0.0133333333333333,123
"124",0,0,0.00166666666666671,0.0033333333333333,0.005,0.0083333333333333,0.00666666666666671,NA,0.015,NA,NA,NA,NA,NA,0,0,0.00166666666666671,0.0033333333333333,0,0.00666666666666671,0.005,NA,0.0133333333333333,NA,NA,NA,NA,NA,124
"125",0,0.0033333333333333,0.005,NA,NA,NA,NA,NA,NA,NA,NA,NA,NA,NA,0,0.0033333333333333,0.005,NA,NA,NA,NA,NA,NA,NA,NA,NA,NA,NA,125
"126",0.0033333333333333,0.00666666666666671,0.00166666666666671,NA,NA,NA,NA,NA,NA,NA,NA,NA,NA,NA,0.0033333333333333,0.00666666666666671,0.00166666666666671,NA,NA,NA,NA,NA,NA,NA,NA,NA,NA,NA,126
"127",0.0033333333333333,0.00166666666666671,0.0083333333333333,0.0033333333333333,0.015,NA,NA,NA,NA,NA,NA,NA,NA,NA,0.00166666666666671,0.00166666666666671,0.005,0.00166666666666671,0.0033333333333333,NA,NA,NA,NA,NA,NA,NA,NA,NA,127
"128",0.00166666666666671,0.005,0.00166666666666671,0.00166666666666671,NA,0.00166666666666671,NA,NA,NA,NA,NA,NA,NA,NA,0.0033333333333333,0.005,0.0033333333333333,0,NA,0.00166666666666671,NA,NA,NA,NA,NA,NA,NA,NA,128
"129",0.00166666666666671,0.0033333333333333,0.00166666666666671,0.005,0.025,0.005,NA,0.02,NA,NA,NA,NA,NA,NA,0,0.00166666666666671,0.00166666666666671,0.0033333333333333,0.0083333333333333,0.0083333333333333,NA,0.0166666666666667,NA,NA,NA,NA,NA,NA,129
"130",0,0,0,0.00166666666666671,0.0033333333333333,0.0083333333333333,0.02,0.0083333333333333,0.0133333333333333,0.0333333333333333,0.0116666666666667,0.0133333333333333,NA,NA,0,0.005,0,0.0033333333333333,0.005,0.0083333333333333,0.0183333333333333,0.005,0.01,0.0166666666666667,0.01,0.0133333333333333,NA,NA,130
"131",0,0,NA,NA,NA,NA,NA,NA,NA,NA,NA,NA,NA,NA,0,0,NA,NA,NA,NA,NA,NA,NA,NA,NA,NA,NA,NA,131
"132",0.00166666666666671,0.00166666666666671,0.00166666666666671,0.0083333333333333,0.0133333333333333,0,0.01,0.01,0.0116666666666667,0.0233333333333333,0.0216666666666666,0.0133333333333333,0.0233333333333333,0.0333333333333333,0.00166666666666671,0.00166666666666671,0.00166666666666671,0.01,0.015,0,0.01,0.005,0.005,0.01,0.02,0.01,0.0133333333333333,0.03,132
"133",0.00166666666666671,0,0.0033333333333333,0.015,0.0083333333333333,NA,0.02,0.0183333333333333,NA,NA,0.035,NA,0.0283333333333333,NA,0.00166666666666671,0,0.005,0.0033333333333333,0.00666666666666671,NA,0.01,0.0083333333333333,NA,NA,0.03,NA,0.0266666666666666,NA,133
"134",0,0,0.00166666666666671,0.00166666666666671,0.005,0.025,0.0183333333333333,0.0216666666666666,0.01,0.015,NA,NA,0.015,NA,0,0.0033333333333333,0.00166666666666671,0.00166666666666671,0.005,0.0083333333333333,0.0083333333333333,0.0083333333333333,0.01,0.0116666666666667,NA,NA,0.01,NA,134
"135",0,0,0.0033333333333333,0,0.01,0.02,0.015,0.02,0.0116666666666667,NA,NA,0.0116666666666667,NA,NA,0,0,0.0033333333333333,0,0.01,0.00666666666666671,0.01,0.0166666666666667,0.0116666666666667,NA,NA,0.0083333333333333,NA,NA,135
"136",0.00166666666666671,0,0.00166666666666671,0.00666666666666671,NA,NA,NA,NA,NA,NA,NA,NA,NA,NA,0.00166666666666671,0,0.00166666666666671,0.00666666666666671,NA,NA,NA,NA,NA,NA,NA,NA,NA,NA,136
"137",0.00166666666666671,0,0.005,0.0033333333333333,0.005,0.0033333333333333,0.005,0.0216666666666666,0.015,NA,0.0283333333333333,NA,0.0166666666666667,NA,0.00166666666666671,0,0.01,0.0033333333333333,0.0033333333333333,0.00166666666666671,0.0133333333333333,0.0183333333333333,0.00666666666666671,NA,0.0166666666666667,NA,0.01,NA,137
"138",0,0.00166666666666671,0,0.00166666666666671,0.0033333333333333,0.0083333333333333,0.025,0.0116666666666667,0.015,0.0133333333333333,NA,0.015,0.0283333333333333,0.0216666666666666,0,0.00166666666666671,0,0.005,0.0033333333333333,0.00166666666666671,0.0133333333333333,0.0083333333333333,0.0133333333333333,0.015,NA,0.015,0.0166666666666667,0.0233333333333333,138
"139",0.00166666666666671,0,0.00166666666666671,0.00666666666666671,0.0216666666666666,0.0233333333333333,0.0216666666666666,0.015,0.015,NA,NA,0.035,0.03,NA,0.00166666666666671,0,0.00166666666666671,0.0033333333333333,0.0033333333333333,0.0183333333333333,0.005,0.0083333333333333,0.0133333333333333,NA,NA,0.0166666666666667,0.0183333333333333,NA,139
"140",0,0.00166666666666671,0.0033333333333333,0.0033333333333333,0.01,0.005,NA,NA,NA,NA,NA,NA,NA,NA,0,0.0033333333333333,0.0033333333333333,0.0033333333333333,0.005,0.0033333333333333,NA,NA,NA,NA,NA,NA,NA,NA,140
"141",0,0,0.00166666666666671,0.01,0.0033333333333333,NA,NA,NA,NA,NA,NA,NA,NA,NA,0,0,0.00166666666666671,0.0033333333333333,0.00166666666666671,NA,NA,NA,NA,NA,NA,NA,NA,NA,141
"142",0,0,0.0033333333333333,0.00166666666666671,0.0083333333333333,0.0116666666666667,0.0083333333333333,NA,0.0116666666666667,0.0333333333333333,0.0283333333333333,0.025,NA,NA,0,0,0.0033333333333333,0.00166666666666671,0.005,0.0083333333333333,0.0083333333333333,NA,0.0116666666666667,0.01,0.0116666666666667,0.0166666666666667,NA,NA,142
"143",0,0,0.005,0.01,0.00666666666666671,0.0083333333333333,0.025,NA,NA,NA,NA,NA,NA,NA,0,0,0.005,0,0.0033333333333333,0.00666666666666671,0.01,NA,NA,NA,NA,NA,NA,NA,143
"144",0,0.00166666666666671,0.0033333333333333,0.00166666666666671,0.0033333333333333,0.0116666666666667,0.01,0.0233333333333333,0.0116666666666667,0.02,0.0216666666666666,0.0133333333333333,NA,0.01,0,0.00166666666666671,0.0033333333333333,0.0033333333333333,0.0033333333333333,0.005,0.0033333333333333,0.00666666666666671,0.0116666666666667,0.02,0.01,0.015,NA,0.0083333333333333,144
"145",0,0,0.0083333333333333,0.00166666666666671,0.00666666666666671,NA,0.01,0.0133333333333333,NA,NA,NA,0.025,0.00666666666666671,NA,0,0,0.00166666666666671,0,0.00666666666666671,NA,0.0033333333333333,0.0133333333333333,NA,NA,NA,0.0233333333333333,0.0116666666666667,NA,145
"146",0,0.00166666666666671,0.005,0.0033333333333333,0.0233333333333333,0.0283333333333333,0.0116666666666667,0.00666666666666671,NA,NA,NA,NA,0.0166666666666667,NA,0,0.00166666666666671,0.005,0.0033333333333333,0.0233333333333333,0.0216666666666666,0.0083333333333333,0.005,NA,NA,NA,NA,0.0116666666666667,NA,146
"147",0,0,0,NA,NA,NA,NA,NA,NA,NA,NA,NA,NA,NA,0,0,0,NA,NA,NA,NA,NA,NA,NA,NA,NA,NA,NA,147
"148",0.00166666666666671,0,0.0033333333333333,0,0.0133333333333333,0.015,0.0216666666666666,0.00666666666666671,NA,0.015,0.0166666666666667,NA,0.0266666666666666,0.035,0.00166666666666671,0,0.00166666666666671,0,0.0033333333333333,0.0083333333333333,0.0033333333333333,0.0033333333333333,NA,0.015,0.0166666666666667,NA,0.015,0.0216666666666666,148
"149",0,0,0.0033333333333333,0.00666666666666671,0.0083333333333333,0.00666666666666671,0.01,0.005,0.025,0.015,0.0133333333333333,0.0183333333333333,NA,NA,0,0,0.0033333333333333,0.00666666666666671,0.0083333333333333,0.00166666666666671,0.01,0.0033333333333333,0.025,0.0133333333333333,0.0033333333333333,0.0116666666666667,NA,NA,149
"150",0,0.0033333333333333,0.00166666666666671,0.0133333333333333,0.01,0.005,0.02,0.0216666666666666,NA,NA,0.0133333333333333,NA,0.025,NA,0,0.0033333333333333,0.00666666666666671,0.005,0.005,0.005,0.0083333333333333,0.0166666666666667,NA,NA,0.015,NA,0.025,NA,150
"151",0,0.00166666666666671,0.00166666666666671,0.0116666666666667,0,0.015,0.00666666666666671,0.00666666666666671,0.0116666666666667,0.0166666666666667,0.015,0.0266666666666666,0.0333333333333333,0.0266666666666666,0,0.00166666666666671,0.00166666666666671,0.01,0,0.00666666666666671,0.0033333333333333,0.005,0.0083333333333333,0.0033333333333333,0.015,0.02,0.0333333333333333,0.0233333333333333,151
"152",0.00166666666666671,0.00166666666666671,0.00666666666666671,0,0.01,0.0183333333333333,0.0116666666666667,0.0333333333333333,0.00666666666666671,0.0116666666666667,0.015,0.0383333333333333,NA,NA,0.00166666666666671,0.00166666666666671,0.00666666666666671,0,0.0083333333333333,0.01,0.0033333333333333,0.0166666666666667,0.005,0.0116666666666667,0.00666666666666671,0.0333333333333333,NA,NA,152
"153",0,0,0,0.005,0,0.005,0.00666666666666671,0.02,0.0166666666666667,0.0116666666666667,0.0283333333333333,0.03,NA,0.0283333333333333,0,0,0,0.005,0,0.0033333333333333,0.00166666666666671,0.015,0.0133333333333333,0.00666666666666671,0.0183333333333333,0.0133333333333333,NA,0.0266666666666666,153
"154",0,0,0.00166666666666671,0,0.0233333333333333,0.005,0.0133333333333333,0.0116666666666667,0.00666666666666671,0.0583333333333333,0.0083333333333333,0.0133333333333333,NA,0.0283333333333333,0,0,0.00166666666666671,0.00166666666666671,0.005,0.005,0.005,0.00666666666666671,0.005,0.0183333333333333,0.005,0.01,NA,0.015,154
"155",0,0,0.00166666666666671,0.0183333333333333,0.00166666666666671,0.0233333333333333,0.0116666666666667,0.0083333333333333,0.0183333333333333,0.0283333333333333,0.0233333333333333,0.03,0.0166666666666667,0.025,0,0,0.00166666666666671,0.00666666666666671,0.00166666666666671,0.0133333333333333,0.005,0.0083333333333333,0.0083333333333333,0.02,0.015,0.0133333333333333,0.0116666666666667,0.0166666666666667,155
"156",0.005,0.00166666666666671,0.0083333333333333,0.0166666666666667,0.00666666666666671,0.0083333333333333,0.00666666666666671,NA,NA,0.015,0.015,NA,NA,NA,0.005,0.00166666666666671,0.0083333333333333,0.0033333333333333,0.00166666666666671,0.0083333333333333,0.00666666666666671,NA,NA,0.015,0.02,NA,NA,NA,156
"157",0.00166666666666671,0.0033333333333333,0.0033333333333333,0.00666666666666671,0.0133333333333333,0.0116666666666667,NA,0.0166666666666667,0.0216666666666666,NA,NA,NA,NA,NA,0.00166666666666671,0.0033333333333333,0.0033333333333333,0.0033333333333333,0.0083333333333333,0.01,NA,0.0133333333333333,0.0216666666666666,NA,NA,NA,NA,NA,157
"158",0,0.00166666666666671,0.0033333333333333,0.00666666666666671,0,0.0216666666666666,0.005,0.0133333333333333,NA,0.02,NA,NA,NA,NA,0.00166666666666671,0,0.005,0.00666666666666671,0,0.005,0.005,0.0116666666666667,NA,0.02,NA,NA,NA,NA,158
"159",0,0.00166666666666671,0.00166666666666671,0.0033333333333333,0.00166666666666671,0.0166666666666667,0.0133333333333333,0.015,0.0133333333333333,NA,0.0266666666666666,NA,NA,NA,0,0.00166666666666671,0.00166666666666671,0.005,0,0.0083333333333333,0.0083333333333333,0.015,0.0216666666666666,NA,0.0116666666666667,NA,NA,NA,159
"160",0.00166666666666671,0,0.005,0.0033333333333333,0.00666666666666671,0.005,0.025,0.0233333333333333,0.0133333333333333,0.0233333333333333,0.0116666666666667,0.02,NA,0.04,0.00166666666666671,0,0.005,0.0033333333333333,0.00666666666666671,0.005,0.005,0.02,0.00666666666666671,0.0216666666666666,0.0116666666666667,0.015,NA,0.015,160
"161",0.0033333333333333,0.0033333333333333,0.00166666666666671,0.005,0.00666666666666671,0.0033333333333333,0.0166666666666667,0.0166666666666667,0.02,0.02,0.0166666666666667,0.00666666666666671,NA,0.0166666666666667,0.0033333333333333,0.0033333333333333,0.00166666666666671,0.005,0.00666666666666671,0.0033333333333333,0.00166666666666671,0.01,0.015,0.0216666666666666,0.0166666666666667,0.00666666666666671,NA,0.0166666666666667,161
"162",0.00166666666666671,0.0116666666666667,0.0033333333333333,NA,NA,NA,NA,NA,NA,NA,NA,NA,NA,NA,0.00166666666666671,0.0083333333333333,0.0033333333333333,NA,NA,NA,NA,NA,NA,NA,NA,NA,NA,NA,162
"163",0,0,0.005,0.0133333333333333,0.0133333333333333,0.0133333333333333,0.0133333333333333,0.0033333333333333,NA,NA,0.015,0.0283333333333333,0.04,NA,0,0,0.005,0.0133333333333333,0.0083333333333333,0.00666666666666671,0.0133333333333333,0.0033333333333333,NA,NA,0.01,0.0216666666666666,0.025,NA,163
"164",0.00166666666666671,0.00166666666666671,0,0.00166666666666671,0.00166666666666671,0.0266666666666666,0.0183333333333333,0.0116666666666667,0.01,0.0133333333333333,NA,NA,NA,NA,0.00166666666666671,0.00166666666666671,0,0.00166666666666671,0.00166666666666671,0.0116666666666667,0.00666666666666671,0.005,0.0083333333333333,0.01,NA,NA,NA,NA,164
"165",0.00166666666666671,0,0.0033333333333333,0.00166666666666671,0.03,0.025,NA,0.00666666666666671,NA,0.00666666666666671,0.0283333333333333,NA,NA,0.0316666666666666,0.00166666666666671,0,0.00666666666666671,0.00166666666666671,0.00666666666666671,0.0116666666666667,NA,0.00666666666666671,NA,0.00666666666666671,0.03,NA,NA,0.0183333333333333,165
"166",0,0,0.005,0.01,0.0033333333333333,0.0033333333333333,0.0033333333333333,NA,0.0266666666666666,NA,NA,NA,NA,NA,0,0,0.005,0.0083333333333333,0.00166666666666671,0.00166666666666671,0.01,NA,0.0183333333333333,NA,NA,NA,NA,NA,166
"167",0,0,0.00166666666666671,0.005,0.0133333333333333,NA,0.01,0.0133333333333333,NA,NA,NA,NA,NA,NA,0.00166666666666671,0,0.00166666666666671,0.0033333333333333,0.0133333333333333,NA,0.01,0.0133333333333333,NA,NA,NA,NA,NA,NA,167
"168",0,0,0.0033333333333333,0.0083333333333333,NA,NA,NA,NA,NA,NA,NA,NA,NA,NA,0.00166666666666671,0.00166666666666671,0,0.01,NA,NA,NA,NA,NA,NA,NA,NA,NA,NA,168
"169",0,0,0.00166666666666671,0,0,0.00666666666666671,0.0216666666666666,0.0216666666666666,0.00666666666666671,NA,NA,NA,NA,0.0366666666666666,0,0,0.00166666666666671,0,0.00166666666666671,0.0033333333333333,0.0116666666666667,0.0216666666666666,0.0083333333333333,NA,NA,NA,NA,0.0333333333333333,169
"170",0,0.00166666666666671,NA,NA,NA,NA,NA,NA,NA,NA,NA,NA,NA,NA,0,0.0033333333333333,NA,NA,NA,NA,NA,NA,NA,NA,NA,NA,NA,NA,170
"171",0.00166666666666671,0.005,NA,NA,NA,NA,NA,NA,NA,NA,NA,NA,NA,NA,0.00166666666666671,0.0033333333333333,NA,NA,NA,NA,NA,NA,NA,NA,NA,NA,NA,NA,171
"172",0,0.0033333333333333,0,0.0033333333333333,0.00666666666666671,0.0216666666666666,0.0166666666666667,0.01,0.015,0.0116666666666667,0.0383333333333333,0.0233333333333333,0.0216666666666666,NA,0,0.005,0.00166666666666671,0.0033333333333333,0.0033333333333333,0.00166666666666671,0.01,0.005,0.0083333333333333,0.0083333333333333,0.0233333333333333,0.015,0.0183333333333333,NA,172
"173",0.0033333333333333,0.00166666666666671,0.00166666666666671,NA,0.005,0.005,0.00666666666666671,0.0183333333333333,NA,NA,NA,NA,NA,NA,0.0033333333333333,0.00166666666666671,0.00166666666666671,NA,0.0033333333333333,0.0033333333333333,0.005,0.0133333333333333,NA,NA,NA,NA,NA,NA,173
"174",0.00166666666666671,0.00166666666666671,0.005,0.00166666666666671,0.0033333333333333,0.0116666666666667,0.0116666666666667,0.01,0.0216666666666666,0.0333333333333333,NA,0.03,0.0366666666666666,NA,0.00166666666666671,0.00166666666666671,0.00666666666666671,0.00166666666666671,0.0033333333333333,0.00666666666666671,0.005,0.01,0.02,0.0166666666666667,NA,0.0216666666666666,0.01,NA,174
"175",0.00166666666666671,0.0033333333333333,0.00166666666666671,0.0033333333333333,0.01,0.0183333333333333,0.0233333333333333,0.015,NA,0.0266666666666666,0.0216666666666666,0.025,NA,0.0283333333333333,0.00166666666666671,0.0033333333333333,0.00166666666666671,0.00166666666666671,0.00166666666666671,0.01,0.0166666666666667,0.00666666666666671,NA,0.0266666666666666,0.0116666666666667,0.00666666666666671,NA,0.0183333333333333,175
"176",0,0.0033333333333333,0.005,0.00666666666666671,NA,NA,NA,0.00666666666666671,NA,0.0233333333333333,0.03,NA,NA,NA,0,0.0033333333333333,0.005,0,NA,NA,NA,0.00666666666666671,NA,0.0116666666666667,0.0183333333333333,NA,NA,NA,176
"177",0,0,0,0.0083333333333333,0.005,0.00166666666666671,0.015,0.00666666666666671,0.0133333333333333,NA,0.0233333333333333,NA,NA,NA,0,0,0,0.0083333333333333,0.0033333333333333,0.00166666666666671,0.0083333333333333,0.0033333333333333,0.0116666666666667,NA,0.0216666666666666,NA,NA,NA,177
"178",0.00166666666666671,0,0.0033333333333333,0.01,0.005,0.0116666666666667,0.00666666666666671,0.0083333333333333,0.005,0.0116666666666667,NA,NA,NA,NA,0.00166666666666671,0,0.00666666666666671,0.005,0.0033333333333333,0.015,0.0083333333333333,0.0083333333333333,0.00666666666666671,0.0083333333333333,NA,NA,NA,NA,178
"179",0.00166666666666671,0.0033333333333333,0.005,0.00166666666666671,0.01,0.01,0.00666666666666671,0.0116666666666667,0.03,0.0166666666666667,NA,0.0233333333333333,NA,NA,0.00166666666666671,0.0033333333333333,0.005,0.00166666666666671,0.0083333333333333,0.00666666666666671,0.0033333333333333,0.0116666666666667,0.0183333333333333,0.0083333333333333,NA,0.0183333333333333,NA,NA,179
"180",0,0,0.005,0.0033333333333333,0.0033333333333333,0.01,0.0083333333333333,NA,0.0233333333333333,NA,NA,NA,NA,NA,0,0,0.005,0.0033333333333333,0.0033333333333333,0.01,0.0033333333333333,NA,0.0233333333333333,NA,NA,NA,NA,NA,180
"181",0,0,0,0.00166666666666671,0,0,0.0033333333333333,0.015,0.0166666666666667,0.0183333333333333,0.0216666666666666,NA,0.0233333333333333,0.025,0,0,0,0.0033333333333333,0,0.00166666666666671,0.0083333333333333,0.005,0.00666666666666671,0.005,0.015,NA,0.0166666666666667,0.015,181
"182",0,0,0,0,0.0033333333333333,0.0116666666666667,0.0116666666666667,NA,NA,NA,NA,NA,NA,NA,0,0,0.00166666666666671,0,0,0.00666666666666671,0.0133333333333333,NA,NA,NA,NA,NA,NA,NA,182
"183",0.0033333333333333,0,0.00166666666666671,0.015,0.01,0.005,0.005,NA,NA,0.015,NA,0.0116666666666667,0.0233333333333333,NA,0.0033333333333333,0,0.00666666666666671,0.00666666666666671,0.005,0.005,0.0083333333333333,NA,NA,0.01,NA,0.0083333333333333,0.0183333333333333,NA,183
"184",0.00166666666666671,0,0.0083333333333333,NA,NA,0.0183333333333333,NA,NA,NA,NA,NA,NA,NA,NA,0.00166666666666671,0,0.0083333333333333,NA,NA,0.00666666666666671,NA,NA,NA,NA,NA,NA,NA,NA,184
"185",0,0.0083333333333333,0.0083333333333333,NA,NA,NA,NA,NA,NA,NA,NA,NA,NA,NA,0,0.0083333333333333,0.00166666666666671,NA,NA,NA,NA,NA,NA,NA,NA,NA,NA,NA,185
"186",0,0,0.0033333333333333,0,0.0166666666666667,0.0133333333333333,NA,0.01,0.025,0.0166666666666667,NA,NA,NA,NA,0,0,0.005,0.00166666666666671,0.01,0.0116666666666667,NA,0.0133333333333333,0.0216666666666666,0.0083333333333333,NA,NA,NA,NA,186
"187",0,0,0.00166666666666671,NA,0.005,0.0033333333333333,NA,0.0183333333333333,0.0166666666666667,NA,NA,NA,NA,NA,0,0,0.00166666666666671,NA,0.005,0.005,NA,0.01,0.015,NA,NA,NA,NA,NA,187
"188",0,0.00666666666666671,0.00666666666666671,0.005,0.005,0.0083333333333333,NA,0.0133333333333333,NA,NA,NA,NA,NA,NA,0,0.00666666666666671,0.00666666666666671,0.005,0.005,0,NA,0.005,NA,NA,NA,NA,NA,NA,188
"189",0,0.005,0.00666666666666671,0.0033333333333333,0.0116666666666667,0.0133333333333333,0.015,0.0166666666666667,NA,NA,NA,0.025,NA,NA,0,0.00666666666666671,0.00666666666666671,0.005,0.0033333333333333,0.0033333333333333,0.005,0.00666666666666671,NA,NA,NA,0.0166666666666667,NA,NA,189
"190",0.0033333333333333,0.0033333333333333,0.00666666666666671,0.0083333333333333,0.005,0,0.0033333333333333,0.0216666666666666,0.0166666666666667,0.0483333333333333,0.0366666666666666,0.0216666666666666,0.015,0.0316666666666666,0.00166666666666671,0.0033333333333333,0.00666666666666671,0.0083333333333333,0.005,0,0.00666666666666671,0.01,0.00666666666666671,0.005,0.0133333333333333,0.015,0.01,0.0233333333333333,190
"191",0,0.00166666666666671,0.00166666666666671,0.00166666666666671,0.00666666666666671,0.015,0.00666666666666671,0.0233333333333333,NA,NA,NA,NA,0.0266666666666666,NA,0,0.00166666666666671,0.00166666666666671,0.00166666666666671,0.00666666666666671,0.0083333333333333,0.0033333333333333,0.0233333333333333,NA,NA,NA,NA,0.0183333333333333,NA,191
"192",0,0.00166666666666671,0.0033333333333333,0.02,0.0083333333333333,0.0033333333333333,0.0216666666666666,0.0083333333333333,0.0166666666666667,0.0183333333333333,NA,NA,NA,0.02,0,0.00166666666666671,0.00166666666666671,0.0133333333333333,0.005,0,0.005,0.0033333333333333,0.00666666666666671,0.01,NA,NA,NA,0.0233333333333333,192
"193",0,0,0.005,0.00666666666666671,0.01,0.0216666666666666,0.0133333333333333,0.0183333333333333,NA,NA,NA,NA,NA,NA,0,0,0.005,0.0033333333333333,0.0033333333333333,0.00666666666666671,0.00666666666666671,0.0133333333333333,NA,NA,NA,NA,NA,NA,193
"194",0,0,0,0.00166666666666671,0.00166666666666671,0.0083333333333333,0.0183333333333333,0.0083333333333333,0.02,0.0166666666666667,0.01,0.0166666666666667,0.0133333333333333,NA,0,0,0,0.00166666666666671,0.00166666666666671,0.005,0.0083333333333333,0.00166666666666671,0.01,0.0133333333333333,0.01,0.01,0.005,NA,194
"195",0,0.0083333333333333,0.0083333333333333,0.00166666666666671,0.0033333333333333,NA,NA,NA,NA,NA,NA,NA,NA,NA,0,0.005,0.0083333333333333,0.00166666666666671,0.0083333333333333,NA,NA,NA,NA,NA,NA,NA,NA,NA,195
"196",0.00166666666666671,0.0033333333333333,0.00166666666666671,0.00166666666666671,0.0333333333333333,0.0083333333333333,0.0133333333333333,0.025,0.0166666666666667,NA,0.02,0.0216666666666666,NA,NA,0.00166666666666671,0.00166666666666671,0.00166666666666671,0.00166666666666671,0.0116666666666667,0.00166666666666671,0.005,0.0233333333333333,0.0116666666666667,NA,0.0133333333333333,0.015,NA,NA,196
"197",0.00166666666666671,0.0033333333333333,0,0.0083333333333333,0.0116666666666667,0.0116666666666667,0.0116666666666667,0.0233333333333333,0.0183333333333333,NA,0.0083333333333333,0.0116666666666667,NA,NA,0.00166666666666671,0.00166666666666671,0.0033333333333333,0.0083333333333333,0.00666666666666671,0.01,0.0116666666666667,0.025,0.015,NA,0.005,0.0133333333333333,NA,NA,197
"198",0.00666666666666671,0.0033333333333333,0,NA,NA,NA,NA,NA,NA,NA,NA,NA,NA,NA,0.00666666666666671,0.0033333333333333,0,NA,NA,NA,NA,NA,NA,NA,NA,NA,NA,NA,198
"199",0,0.005,0.0033333333333333,0.00166666666666671,0.015,0.0116666666666667,0.0133333333333333,0.0183333333333333,0.0033333333333333,0.0116666666666667,0.0166666666666667,0.0116666666666667,0.015,NA,0,0.00666666666666671,0.0033333333333333,0,0.00666666666666671,0.005,0.00666666666666671,0.00666666666666671,0.00166666666666671,0.01,0.0133333333333333,0.0116666666666667,0.0166666666666667,NA,199
"200",0,0,0.0033333333333333,0.0183333333333333,0.01,NA,NA,NA,NA,NA,NA,NA,NA,NA,0,0,0.0033333333333333,0.005,0.00666666666666671,NA,NA,NA,NA,NA,NA,NA,NA,NA,200
